metabolite,coefficient
AcCoA.c,978.0156666666808
ALA,237.77777777778118
ASP.c,186.97259259259528
CO2,92.29740740740873
CYS,57.462962962963786
DHAP,45.970370370371036
G6P,114.52962962963129
GLN,127.60740740740924
GLU,152.97037037037256
GLY,260.80259259259634
MEETHF,101.055555555557
P5P,92.29740740740873
SER,174.76666666666918
